
INSERT INTO "address" ("id", "database_id", "country", "city", "street", "zipcode") VALUES
(0,	'dc24a873-b5ec-4acc-b2c8-5096c0325eee',	'Korea',	'Adkinsburgh',	'Shah Plains 32',	'24228'),
(1,	'b0a3c8e2-cf0a-4244-88c7-fa88f04d4b24',	'Guinea-Bissau',	'Markmouth',	'Miller Burg 65',	'05056'),
(2,	'9aec2b69-0d6f-4882-bb88-a0f6d4f8f9dc',	'Marshall Islands',	'East Christopher',	'Douglas Mission 32',	'41204'),
(3,	'105608af-82d8-4113-99b0-f4d0bc4e4a16',	'Martinique',	'Edwardsmouth',	'Reilly Rue 29',	'67513'),
(4,	'24b13906-11c1-4df2-8ae4-64575e66bc1e',	'Turks and Caicos Islands',	'Port Jonchester',	'Ann Estates 39',	'30198'),
(5,	'590747cb-13f1-4e56-ae23-bd55cf80fc5e',	'Uruguay',	'Thomasburgh',	'Kevin Mill 60',	'88885'),
(6,	'acb7dab7-baae-4730-9775-643fc7b31446',	'Turkmenistan',	'Margaretview',	'Christopher Pines 16',	'57048'),
(7,	'8de99797-a440-4462-a0e4-022cb6a8d44f',	'Cuba',	'North Sandra',	'Goodwin Street 17',	'80747'),
(8,	'fa645b8b-9fce-4afa-aa2f-b1e723d25f4a',	'Northern Mariana Islands',	'Lake Manuelmouth',	'David Harbor 29',	'84594'),
(9,	'fea1ecb5-19fd-4d0e-859d-5a364a1c164a',	'Monaco',	'New Rhonda',	'Green Brook 58',	'39841'),
(10,	'272612c5-ca76-49c2-8a7e-2029ef8303da',	'Kyrgyz Republic',	'Lake Thomas',	'Villegas Ridge 27',	'92036'),
(11,	'bd3c8357-3b3d-4f11-b5c2-70814f072a27',	'Moldova',	'South Kristi',	'Brandon Manor 58',	'71230'),
(12,	'97327eec-171e-47fd-a7fe-5c7b8586a762',	'United States Minor Outlying Islands',	'Tracyfurt',	'Stacey Summit 40',	'26577'),
(13,	'2e3556b2-2f1e-498b-94a7-76aea340fcfe',	'Guatemala',	'South Marciaberg',	'Armstrong Prairie 15',	'53105'),
(14,	'1eeaf16c-ec75-4645-bd93-4fdf0d007dc1',	'Iceland',	'Autumnburgh',	'Jennifer Corners 48',	'17414'),
(15,	'4cd71021-9e13-438b-95ff-9201f84c2cd5',	'Hungary',	'New Amber',	'Johnson Neck 30',	'06592'),
(16,	'609493b5-0760-406c-880f-77b3b2118049',	'Bangladesh',	'Chrisburgh',	'Dean Forest 2',	'08676'),
(17,	'dd0ff7ff-2cdd-4f47-b37c-ea42d887de60',	'San Marino',	'North Ashley',	'Morales Trafficway 17',	'83531'),
(18,	'd5105c24-65b6-4c57-b775-3ca60a46fd2d',	'Haiti',	'Perryport',	'Ronald Overpass 38',	'66749'),
(19,	'6ac1722e-3dc4-45cc-a0ae-67d53532d5cf',	'Serbia',	'West Melvin',	'Simon Estate 13',	'79406'),
(20,	'ff7f10a0-9028-4f6a-958b-73ffe6733dff',	'Barbados',	'North Brianstad',	'Craig Common 60',	'47451'),
(21,	'fdd3f842-9ad7-426b-bfe6-09b1833c3d42',	'Palestinian Territory',	'Greenland',	'Adams Valley 27',	'55621'),
(22,	'8cbd32e3-9f41-4cdf-bdb7-2a4577f81d9b',	'Aruba',	'Alejandroborough',	'Kimberly Stravenue 7',	'12923'),
(23,	'cd0ff163-1ff4-426a-8ac8-2ae6afa1d8c4',	'Suriname',	'South Tiffany',	'Hoffman Highway 16',	'81301'),
(24,	'edbb3e0b-1068-4c25-be04-cc806a5722ab',	'Korea',	'West Michael',	'Smith Plain 15',	'39615'),
(25,	'4ad20fff-e3f6-4162-9ad3-bf4d50783cac',	'Armenia',	'Lorihaven',	'Steven Glens 3',	'34671'),
(26,	'a4fd1c44-00f9-46f9-aadb-81ace67c4479',	'Saint Lucia',	'Port Tiffany',	'Jacqueline Mission 10',	'36732'),
(27,	'80657113-980d-4fe0-a4a8-11f772d9ab5e',	'Norway',	'Gonzalesberg',	'Marilyn Valley 50',	'40426'),
(28,	'c6d46782-a51a-4544-a0d7-cf2b601808d4',	'Portugal',	'Lake Michaelmouth',	'Sarah Streets 13',	'50546'),
(29,	'74b944c0-7d2b-4967-ad2a-2f17dad6d76b',	'Greece',	'Marilyntown',	'Reyes Island 57',	'08624'),
(30,	'66733a06-168d-4f0b-9c7a-2029a0f7e5cd',	'Australia',	'Garybury',	'Donna Junctions 13',	'40798'),
(31,	'9cd237c7-67fe-49ab-8d2c-8dca0b12f7b8',	'Liberia',	'South Nancy',	'Larson Walk 26',	'33090'),
(32,	'73b92685-8c87-4ef9-8502-9eafcf3e2790',	'Namibia',	'Lake Sean',	'Kristin Route 34',	'40018'),
(33,	'33e47410-2d3a-49e0-91a0-ca6708a6edb3',	'Morocco',	'South Grantton',	'Charles Land 26',	'61274'),
(34,	'b08ef038-d17c-4a81-8725-63901d0cf87f',	'Christmas Island',	'New Stephen',	'Robert Mountain 39',	'35757'),
(35,	'8d4635f5-4c6d-4b08-8aae-ba517cae8a52',	'Grenada',	'Kimhaven',	'Joshua Ville 39',	'38994'),
(36,	'461056d8-93ff-4645-99c5-e435f0c5d319',	'Saint Vincent and the Grenadines',	'South Grant',	'Jonathan Vista 2',	'18080'),
(37,	'ce7fdb42-0309-4403-9aa5-15d76584db2a',	'Christmas Island',	'Port Joeburgh',	'Kennedy Roads 10',	'98104'),
(38,	'b764fd5e-2ee8-42e5-a06d-d6c985f446ef',	'Georgia',	'Smithview',	'Moore Overpass 26',	'15390'),
(39,	'e8658211-d4f5-4c02-8c61-e5d0b6a32118',	'United Kingdom',	'North Emily',	'Jordan Manor 68',	'22765'),
(40,	'a48939f2-845a-4bf3-a28e-45ea3096f218',	'Cameroon',	'Matthewton',	'Brown Canyon 66',	'67748'),
(41,	'851ea33c-79e6-42b2-ae6e-bfeeb4b47ee7',	'Iraq',	'Shahbury',	'Tran Rest 51',	'35416'),
(42,	'9dfb8b3f-920c-4bf4-a165-f60b505d7842',	'United Arab Emirates',	'Barbarabury',	'Tracy River 62',	'23542'),
(43,	'ae5ab373-2b9b-4b73-9d66-aabcfcdfb292',	'Kyrgyz Republic',	'North Andrea',	'Bell Canyon 46',	'76969'),
(44,	'e9472e37-0ad2-4734-90b1-63f2428a4249',	'Mauritius',	'Ryanfurt',	'Stephanie Junction 35',	'88165'),
(45,	'85d31d64-2ea3-4f5d-9453-831f62ff6525',	'Lesotho',	'Kellyhaven',	'Joseph Squares 6',	'23708'),
(46,	'2b25951d-9d92-4c1e-b23a-a06d503783ce',	'Australia',	'Lake Maryfurt',	'Allen Mill 41',	'73644'),
(47,	'9fe90795-ed3b-4cb1-bc01-e36135eb301b',	'Vietnam',	'Christianchester',	'Ramirez Knolls 64',	'88271'),
(48,	'b40ed7f4-02a0-41bd-b519-6b16b90a9447',	'Svalbard & Jan Mayen Islands',	'Danielchester',	'Dyer Dam 28',	'61847'),
(49,	'505180da-1dc2-4796-abe5-2de77dcbfafc',	'Pitcairn Islands',	'Ramirezberg',	'Underwood Fall 23',	'34980'),
(50,	'1c65d5dd-07bb-407e-9888-eebc972f9914',	'Myanmar',	'East Leslie',	'Torres Villages 49',	'03613'),
(51,	'4b5495d9-9268-4e9c-b884-393ad4c7cc9f',	'Cote d''Ivoire',	'Zacharymouth',	'Cook Gardens 38',	'37498'),
(52,	'd089abf8-fddf-4a30-a1f4-917bd5dcca95',	'Monaco',	'Susanstad',	'Robinson Ridges 63',	'62922'),
(53,	'e929450c-e657-4719-927a-2b28c84d143b',	'Sudan',	'Victoriastad',	'Smith Course 56',	'42132'),
(54,	'5879e40c-d91f-4475-9b28-0fd91b967c67',	'Netherlands Antilles',	'Clarkstad',	'Rowe Ramp 51',	'75052'),
(55,	'0904ff62-149d-4337-9b4e-fd6d370b8593',	'Aruba',	'Mooreside',	'Patrick Shore 54',	'44812'),
(56,	'6f540b3c-3516-4ccf-a4c4-b3b342579180',	'Iraq',	'South Douglasville',	'Stewart Ramp 35',	'31225'),
(57,	'e3e48f87-09cc-44a6-9c9b-2224eae99a5d',	'Benin',	'South Hannahmouth',	'Sharp Pines 62',	'35860'),
(58,	'75860894-8870-450a-91c2-166096bf3df0',	'North Macedonia',	'Tanyaview',	'Lane Motorway 16',	'87175'),
(59,	'1d3db726-1d13-46d4-b850-f5c004a73ad3',	'Yemen',	'Allenstad',	'Daniel Point 6',	'97046'),
(60,	'4c97d4b3-a878-44a8-8b78-815a6ce75a63',	'Slovenia',	'Dylantown',	'Nathan Locks 31',	'54095'),
(61,	'32f4cf9c-6baf-4ea7-8fa1-a02e8c520b14',	'Tonga',	'Lake Elizabethside',	'Jones Dale 17',	'41292'),
(62,	'a4913d46-97f3-4606-887f-880a77860e08',	'Bulgaria',	'North Thomasfort',	'Mayer Plain 65',	'08782'),
(63,	'9a50e294-86c3-4821-97dc-49d3cd7b4270',	'Sierra Leone',	'Emilyview',	'Luna Rest 25',	'49225'),
(64,	'b13dd80c-7bdb-4d84-97dc-23ebb026d3ab',	'Portugal',	'East Josephside',	'Katherine Dale 5',	'23320'),
(65,	'6baf91e1-e213-40d2-b04f-3aaf16f05011',	'Montserrat',	'New Annamouth',	'Yang Route 30',	'54193'),
(66,	'd795e8c8-ccd5-4e8a-abb2-dc9a16c9e1ab',	'Aruba',	'Snowville',	'Rodriguez Lane 3',	'55869'),
(67,	'c3b73352-64a6-445b-a7c0-51f21ce980dc',	'Hungary',	'Owenstad',	'Stacy Landing 4',	'04984'),
(68,	'e0eefabd-c7e1-4948-bdd9-6ce21df2785c',	'Saint Lucia',	'Laurenhaven',	'Reynolds Canyon 19',	'68186'),
(69,	'7e742bbf-d19e-48e9-9d25-79341413fe6a',	'Saint Barthelemy',	'Dorseyfort',	'Anthony Bridge 12',	'35709'),
(70,	'13a968aa-46f0-4616-80c4-44d7f143e8df',	'Barbados',	'Boydville',	'Estes Forest 54',	'80564'),
(71,	'7e511a3d-3044-4227-9101-03e17bc5ba4f',	'Uganda',	'Mitchellfurt',	'Michael Courts 36',	'76056'),
(72,	'6b068856-5ab9-4b46-ae75-ef8fde0a00d2',	'Ghana',	'New Stephen',	'Selena Forge 21',	'97044'),
(73,	'6b221fea-d383-4551-9703-369c353862c6',	'Albania',	'West Jonathanmouth',	'James Plain 8',	'73522'),
(74,	'48d65861-a2f9-4579-9e88-1693e25389fb',	'United Arab Emirates',	'Port Crystal',	'Julie Fall 27',	'66647'),
(75,	'd1c3c9e6-2265-4bba-87db-dc696e402a99',	'Botswana',	'Lucashaven',	'Stephanie Turnpike 18',	'23908'),
(76,	'a4d29c35-a4d2-4f0f-8dce-e3b2ec07e503',	'Hungary',	'North Ronaldfort',	'Jacob Union 16',	'22491'),
(77,	'83cd9401-999b-4d03-9e4e-23a2dbefb7be',	'Guernsey',	'South Brandyview',	'Decker Trace 69',	'76834'),
(78,	'9163e9a9-bdd7-41aa-9fb6-a7635830de48',	'Guernsey',	'East Brian',	'Williams Harbors 36',	'48189'),
(79,	'162ef6ab-99c4-4e4a-80e3-dfe76f9aae15',	'Tajikistan',	'New Laura',	'Kevin Light 57',	'50346'),
(80,	'cec09bbb-60ad-42e2-b064-9a8b687f8cda',	'Ghana',	'East Brian',	'Wells Plains 54',	'77119'),
(81,	'580dd3f2-d6ae-4028-8b31-27f1e2c3f20f',	'Bosnia and Herzegovina',	'North Matthewport',	'Jose Cliff 45',	'23190'),
(82,	'20728333-6b67-4888-a22a-7f42405c6b24',	'Ecuador',	'Erinberg',	'Jones Lodge 37',	'96031'),
(83,	'084c77b9-99b7-420d-9b89-3b7301d0609b',	'Tajikistan',	'New Jacquelineton',	'Meagan Orchard 49',	'81192'),
(84,	'ae1a17c5-0b01-4e92-8162-a364444187fa',	'Malta',	'Port Ashleyshire',	'Tiffany Cliffs 38',	'63175'),
(85,	'bcedd8e2-b7c1-4e76-8b30-eb63a4b5347c',	'Paraguay',	'Lake Luke',	'Little Shore 22',	'13167'),
(86,	'ece2dfc7-40b6-4992-b277-2a88897a0b88',	'Dominica',	'East Robertborough',	'Jasmine Gateway 42',	'46977'),
(87,	'ce96a5fa-13ab-4308-852d-fb6afeb66dee',	'Senegal',	'South Samanthabury',	'Horton Road 35',	'68398'),
(88,	'cf92ef1b-2d5a-43c3-b16e-38f65ab4b871',	'Ecuador',	'Nicholasborough',	'Samuel Drives 64',	'34005'),
(89,	'90c0b43f-eac6-463d-b506-1641220f070a',	'Ireland',	'Lake Donna',	'Rogers Burg 54',	'11774'),
(90,	'5de69f60-2ed1-42cb-9ddd-17f7c80b10e8',	'Azerbaijan',	'North Paula',	'Patterson Loaf 19',	'43396'),
(91,	'53efe42a-6834-4782-b2dd-34754ddf2f00',	'Russian Federation',	'Port Johnmouth',	'Shannon Lane 50',	'41909'),
(92,	'168bedb0-45ea-4c33-8d6c-5ede7532f9ae',	'Vietnam',	'Lake Joshua',	'Soto Pass 26',	'97714'),
(93,	'4aaa20e7-78c4-4ce7-9d5f-45ea13936aaa',	'Isle of Man',	'Jacksonborough',	'John Keys 40',	'04570'),
(94,	'0630820d-63a2-49f2-8130-bbdb53ca9b79',	'Cambodia',	'South David',	'Christine Lodge 12',	'25265'),
(95,	'dded00e1-318c-44db-b088-e34115ca3c4d',	'Mexico',	'Lake Jeffreystad',	'Gonzalez Stravenue 17',	'94322'),
(96,	'6cfc9da4-1d23-4539-a245-40adb70a1216',	'Central African Republic',	'Ruizmouth',	'Thompson Route 5',	'51694'),
(97,	'f604e48d-949f-4ff3-9bb7-5e8feee542c8',	'Saint Martin',	'South Tamara',	'April Street 27',	'00581'),
(98,	'ef248aef-fb61-4513-b9d7-11b42fc214be',	'Dominican Republic',	'Port Jessicabury',	'Laura Glen 50',	'32149'),
(99,	'4f9b0ce6-a3fa-4620-ae14-2e51409cd462',	'Taiwan',	'West Richardfort',	'Benitez Knolls 48',	'60317');

INSERT INTO "customer" ("id", "database_id", "email", "individual_id", "address_id") VALUES
(0,	'09212336-1e1a-4720-a022-414e4c36e28b',	'jason.gordon_0@garnerevans.com',	0,	0),
(1,	'741856f3-665d-4b98-ade6-cbce36ea9346',	'maria.anderson_1@wiley.info',	1,	1),
(2,	'8ed43c02-9a11-43e5-bb98-6fe1f7aa7e96',	'robin.lucas_2@moyer.com',	2,	2),
(3,	'88ea6c2f-1bdc-4e1e-a591-075157c9bd22',	'cory.lewis_3@chavez.com',	3,	3),
(4,	'd36b1120-192d-4c65-b670-4a4465c8bb5d',	'leslie.moore_4@dunnherrera.org',	4,	4),
(5,	'24ec9e3b-d02d-4c0c-98fd-bf90602867ef',	'donald.rodriguez_5@garcia.com',	5,	5),
(6,	'50131686-8a71-461b-9c9a-eda0e6cfcc1b',	'michael.king_6@roberts.com',	6,	6),
(7,	'98f2289a-a84f-4911-846e-21d02ebcd53d',	'alexis.sanders_7@burns.com',	7,	7),
(8,	'427eda3d-db48-49d6-82ba-eece1c0b076f',	'monique.gonzalez_8@rodriguez.com',	8,	8),
(9,	'55a40b60-b7f3-44f5-86c6-e8d038c793a0',	'kimberly.ward_9@moreno.info',	9,	9),
(10,	'968aa344-f558-4b1b-b54f-c2b8d6ebadf2',	'jenna.peters_10@gutierrezrose.com',	10,	10),
(11,	'a9156213-21ac-4c0e-9935-3ec32a1c2719',	'mallory.griffin_11@davenportallen.com',	11,	11),
(12,	'1938a69f-5740-4c82-b50c-ae5e9a7910d3',	'alexandra.higgins_12@jimenez.com',	12,	12),
(13,	'8bf00494-2ca3-4fed-8ea9-e70753ace77f',	'billy.potter_13@martinez.com',	13,	13),
(14,	'7e4507d0-f9c9-4e04-8c86-6e5872167fff',	'robert.mills_14@winters.com',	14,	14),
(15,	'8337ae3c-e14b-43a4-8cfc-4c88f0c1c654',	'jessica.bowman_15@simpson.com',	15,	15),
(16,	'3fdb71c9-09ad-4b2d-ac67-1a1216ca4539',	'jeffrey.richardson_16@haley.net',	16,	16),
(17,	'16830030-13d3-4ed1-9acb-bff828ff9d29',	'heather.fisher_17@jenkinsperez.net',	17,	17),
(18,	'adcf7efb-bb26-4c14-b7da-92d90bcabd03',	'megan.turner_18@brown.com',	18,	18),
(19,	'd99cbed0-6bb2-4570-b503-f77202d6d5ed',	'steve.miles_19@rowemoore.com',	19,	19),
(20,	'3192db90-c9d1-4b1b-ac3a-71be2bbfd106',	'andrew.todd_20@suarez.com',	20,	20),
(21,	'ca3de0b9-16d7-4628-b107-c9e444890a55',	'lawrence.mckay_21@villanuevawright.com',	21,	21),
(22,	'df59bf43-7ebe-44ff-994a-699d9f1cd448',	'samantha.vincent_22@mcintyrewebb.org',	22,	22),
(23,	'60741d64-525e-4120-8cf2-ab42b1c9422e',	'danielle.lewis_23@edwards.com',	23,	23),
(24,	'1b79b554-22be-4fbf-b0bf-436ee25ca9b3',	'james.ross_24@santiago.info',	24,	24),
(25,	'2129c6fe-2e43-4a50-87e5-a3751ca43f46',	'john.marks_25@foley.net',	25,	25),
(26,	'8995e79e-ffb5-41ad-9871-dcca94585736',	'james.powell_26@rodriguez.com',	26,	26),
(27,	'873c4547-53a4-4a93-86f9-07a9632b6fd2',	'robert.olsen_27@williams.com',	27,	27),
(28,	'93588930-266a-4ce9-bc04-90210260e2cc',	'donna.house_28@payne.com',	28,	28),
(29,	'a77d86ec-ce1b-4d47-b621-6a37554c5372',	'bradley.johnson_29@robinsonramirez.com',	29,	29),
(30,	'93bcfebd-6a94-4b78-925a-bdd090cbce11',	'timothy.whitaker_30@williamscallahan.com',	30,	30),
(31,	'b4d1feb5-15c7-4e0c-a003-faa335b587bb',	'christina.rodgers_31@fischer.com',	31,	31),
(32,	'81daae32-d2ca-4e0e-9e19-6696d5e9128b',	'rebecca.tucker_32@chamberssmith.com',	32,	32),
(33,	'c29c5167-dbdb-4b33-b329-7b212219b12c',	'bryan.church_33@harris.com',	33,	33),
(34,	'23dd04a3-e20b-4a8d-937d-a38ebe492085',	'darren.kramer_34@black.net',	34,	34),
(35,	'8c63c90f-0d48-478b-bee5-81042180dcfe',	'juan.larson_35@burnett.info',	35,	35),
(36,	'05e1a8fa-71e5-4d23-96f4-b7b6af2ee7c3',	'joe.harris_36@littleramirez.org',	36,	36),
(37,	'2f6628ff-8e35-4f43-85f5-db5f447dfb71',	'deborah.arnold_37@armstrong.biz',	37,	37),
(38,	'f95ac8a7-2bd4-4aee-902b-67b0c40bc75f',	'christopher.pugh_38@perezmoss.info',	38,	38),
(39,	'd06d801e-ef4b-4e77-9db8-227ce09d3478',	'dawn.allen_39@moore.com',	39,	39),
(40,	'e97bc8fd-4af1-42ca-a34d-392b4c6531fb',	'ashley.rose_40@curtis.net',	40,	40),
(41,	'23f95272-7342-42f7-b3d8-3c4c3754e2a7',	'jimmy.stewart_41@collierroberts.info',	41,	41),
(42,	'3625a83b-2c23-4beb-bd2b-7ae0f48744f2',	'william.jackson_42@stewart.com',	42,	42),
(43,	'9d98825d-0a9d-4b0f-ae9b-980fed5853f8',	'justin.lara_43@ferguson.org',	43,	43),
(44,	'29a35e2a-fb44-4ecb-a9de-2ac27cd48708',	'nicole.cochran_44@murphycastillo.biz',	44,	44),
(45,	'8b948c05-5b18-484c-a417-e8cf59a03028',	'jared.sanchez_45@evans.com',	45,	45),
(46,	'8b0b3920-76f3-409a-b999-9172c2ba322f',	'shelly.oliver_46@jensen.biz',	46,	46),
(47,	'4ae3dda1-34f6-4f63-92cd-a85f2b180257',	'brian.johnson_47@larson.com',	47,	47),
(48,	'4e5f6935-ceda-43ca-8451-3e1020c945e9',	'donald.bates_48@gomez.com',	48,	48),
(49,	'0bc97937-8971-48b7-a221-98e411d49fbc',	'carl.wilson_49@smith.com',	49,	49),
(50,	'127dd93a-bf85-42d2-875d-e9ff87cf0719',	'kevin.porter_50@hodges.org',	50,	50),
(51,	'6114cef4-26f2-468e-8466-b68f4ee66bf3',	'eric.jackson_51@ward.net',	51,	51),
(52,	'fe51cd78-4827-4752-b943-808a2d2754a5',	'jennifer.cisneros_52@miller.info',	52,	52),
(53,	'a6a2b1e6-e1c5-46f2-9284-0bd94839891a',	'virginia.robbins_53@wilson.biz',	53,	53),
(54,	'4d2ae127-bda0-45d7-83b4-6dd8cd4b86cc',	'angela.herrera_54@rodrigueztran.com',	54,	54),
(55,	'f9fe8eff-1372-4631-80ca-fd1992e78e6a',	'mark.baird_55@king.net',	55,	55),
(56,	'6ad467e3-b725-436e-9445-3c9d11865226',	'holly.solis_56@braungreen.net',	56,	56),
(57,	'5ddf3182-bcdd-428c-bba0-31d3712971b9',	'daniel.nguyen_57@daltonmcdonald.net',	57,	57),
(58,	'23a2e5b3-6e53-4063-9e8c-8575db00c361',	'jessica.young_58@schroeder.com',	58,	58),
(59,	'3949d223-ae83-4060-b478-19e19d310cab',	'monica.smith_59@rivera.com',	59,	59),
(60,	'743fe095-2fea-41e4-9f3e-50b4e3a536cc',	'diane.payne_60@hatfield.com',	60,	60),
(61,	'd9629eb8-72a1-42b3-a8e6-0347c2c6f026',	'jason.scott_61@bennettlawrence.info',	61,	61),
(62,	'4e7a42ab-845c-40c2-a658-bc4aa5c89983',	'mary.lewis_62@johnsonfuller.net',	62,	62),
(63,	'cf81f7a6-ffef-49b0-9670-4ed3c35df15d',	'jeremy.gay_63@petersen.org',	63,	63),
(64,	'1510fe92-b38e-4e9e-805b-c35b8b0d6e9c',	'ashley.daniels_64@white.com',	64,	64),
(65,	'5e5cc63e-7170-43a9-a79b-0c9431d3e6ff',	'mike.rodriguez_65@green.info',	65,	65),
(66,	'fe24145b-5337-4136-9d20-eb9d5fa3be54',	'alejandro.watts_66@johnsonbarton.com',	66,	66),
(67,	'5a3af2ca-6256-42ec-9c0a-27998d4a3e34',	'jeremy.bush_67@smith.com',	67,	67),
(68,	'a3d5ae24-be29-4239-9085-503bf6c02e9b',	'michael.mendoza_68@whitakersolis.info',	68,	68),
(69,	'b3b4a806-dd40-4b2c-b73f-019334e29e75',	'audrey.martin_69@terry.info',	69,	69),
(70,	'b0b8c7f4-ea69-49cf-8267-7d0febd73950',	'amy.wells_70@russell.com',	70,	70),
(71,	'2f3883a7-6627-48c1-83d7-5ef735f53b41',	'teresa.wood_71@fisherritter.com',	71,	71),
(72,	'bd875a59-989b-4636-964a-d7f406bf0ee9',	'kristin.dawson_72@mckay.com',	72,	72),
(73,	'79713f0f-cf3c-4c3a-95f4-57fa18dabe4f',	'scott.green_73@evans.com',	73,	73),
(74,	'0d93ed86-2c27-4e28-bc6f-78be662a8090',	'kimberly.logan_74@mahoney.com',	74,	74),
(75,	'0dc53c47-41e7-42b6-98b0-75d8dbcc1443',	'connie.williams_75@benton.biz',	75,	75),
(76,	'65d358c3-5357-4661-b77d-47815c5a507c',	'andrew.kennedy_76@joneschambers.com',	76,	76),
(77,	'0fa7005b-9bc2-48bd-8411-f7d25526e48e',	'donna.taylor_77@williamsmichael.biz',	77,	77),
(78,	'49777842-4db9-48f1-a76c-8341f8e0436f',	'whitney.schroeder_78@wilkins.biz',	78,	78),
(79,	'19fdb43d-14da-4efc-8a52-839513e35542',	'lisa.prince_79@gonzalescoleman.com',	79,	79),
(80,	'dbc6a54d-a4b6-48ec-a3d2-54de60cb79f5',	'heather.garcia_80@eaton.info',	80,	80),
(81,	'9b37c294-967b-489b-8dfb-b329cd865d51',	'heather.rogers_81@chenandrews.com',	81,	81),
(82,	'4c9e6518-f379-46c0-a714-53123bc4a9fa',	'renee.schwartz_82@beck.net',	82,	82),
(83,	'596ada4d-3bf8-48cb-8545-fe746193459e',	'jessica.johnson_83@maldonado.com',	83,	83),
(84,	'457bdf6e-bbbe-4d1f-94b4-c967720986d5',	'daniel.smith_84@young.com',	84,	84),
(85,	'921c8711-5fa7-47be-9823-7977b37f7ae9',	'timothy.jensen_85@martincallahan.info',	85,	85),
(86,	'1c193c0f-cdea-4cc9-a36b-3c8c0d37b711',	'janet.ellis_86@carter.biz',	86,	86),
(87,	'ee42c4d6-dcf1-4625-9acb-78bbc7ec5951',	'keith.brady_87@martinez.com',	87,	87),
(88,	'c6338041-3b59-4a17-99bf-f5e23875a755',	'christopher.wilson_88@mosshoffman.biz',	88,	88),
(89,	'dd3b6b0d-d5bd-4255-acf6-5015a3da089b',	'billy.miller_89@johnsonmartinez.com',	89,	89),
(90,	'f7853281-b4ad-46c0-aeff-c6ed7b45cde9',	'joseph.roberts_90@estrada.com',	90,	90),
(91,	'a5f3f243-4c5c-4c72-a11d-b09259d3f13c',	'matthew.williams_91@merritt.com',	91,	91),
(92,	'0a764559-e4e3-4141-aa8b-052afd858114',	'amy.cline_92@carter.com',	92,	92),
(93,	'7553fc4b-7dd9-48c6-8136-f332a4d6f3b5',	'brooke.johnson_93@dudley.com',	93,	93),
(94,	'ac7bf5c4-cfde-4cbe-92dd-f2f694752a7c',	'connor.jackson_94@patton.com',	94,	94),
(95,	'450f1eba-cc1a-447b-8ed7-1a61258957c6',	'james.sandoval_95@landry.com',	95,	95),
(96,	'f5a6537c-ae4e-49aa-906c-694c633550b3',	'stephen.floyd_96@craig.com',	96,	96),
(97,	'ae0aa3d2-73c6-4c75-8880-21dc8f004d1c',	'jason.ramirez_97@mitchellsmith.com',	97,	97),
(98,	'559d6b4b-8cff-4d7c-ae7d-dde90358bb31',	'edward.ellis_98@herringbartlett.com',	98,	98),
(99,	'd03ea7c8-541d-4f21-8973-da7b273550ef',	'gary.johnson_99@sims.net',	99,	99);

INSERT INTO "individual" ("id", "database_id", "first_name", "last_name", "date_of_birth", "job") VALUES
(0,	'ccc8ff1f-7548-4f0c-aa04-258fca0aab5c',	'Jason',	'Gordon',	'1990-06-12',	'Pathologist'),
(1,	'17c3b282-2870-473e-9013-753db6ae296a',	'Maria',	'Anderson',	'1963-12-31',	'Restaurant manager'),
(2,	'0e7939e1-591b-4c1d-8ecb-0bf8a2ee4663',	'Robin',	'Lucas',	'1974-03-13',	'Drilling engineer'),
(3,	'052a8d7c-6802-4cd9-93b5-c24b72c61c11',	'Cory',	'Lewis',	'1970-09-05',	'Legal secretary'),
(4,	'12fa0a12-055e-4c82-b001-fb1f8a58ed86',	'Leslie',	'Moore',	'1944-05-19',	'Loss adjuster, chartered'),
(5,	'ca55d992-b6d6-4e6b-91e0-397004dc06f8',	'Donald',	'Rodriguez',	'1950-07-15',	'Furniture conservator/restorer'),
(6,	'6ab07b3c-682c-44ea-848c-d97a04388bd4',	'Michael',	'King',	'1947-09-14',	'Energy manager'),
(7,	'b879f566-c451-43b8-9d13-f5b73fcc9b48',	'Alexis',	'Sanders',	'2001-08-13',	'Therapist, occupational'),
(8,	'c1c47393-b553-48f9-916a-1ef198248efe',	'Monique',	'Gonzalez',	'1993-11-10',	'Air traffic controller'),
(9,	'0d845791-761c-4dec-9b45-c232dc2c5bf7',	'Kimberly',	'Ward',	'1981-04-03',	'Child psychotherapist'),
(10,	'89b859af-89c3-4f33-bf45-e78150b0fc47',	'Jenna',	'Peters',	'1976-10-05',	'Engineer, maintenance'),
(11,	'9d44ca0e-8f5e-4498-b7a1-6f0d851f1a07',	'Mallory',	'Griffin',	'1944-08-11',	'Therapist, drama'),
(12,	'c228976a-4fe6-4579-bcb2-ab454b1d66d2',	'Alexandra',	'Higgins',	'1964-10-17',	'Colour technologist'),
(13,	'ab5abe11-962c-4040-979c-28a644e5cc34',	'Billy',	'Potter',	'1994-05-07',	'Production assistant, radio'),
(14,	'3d3a177b-bc32-48fd-ad7d-af8b7cc5bf87',	'Robert',	'Mills',	'1996-11-17',	'Contracting civil engineer'),
(15,	'4dad4d4b-69f9-4076-886f-131e5189a027',	'Jessica',	'Bowman',	'1975-02-09',	'Chief Marketing Officer'),
(16,	'd9570793-a9dc-44b0-80a1-1d316d7c1244',	'Jeffrey',	'Richardson',	'2000-04-21',	'Pilot, airline'),
(17,	'56d51af5-2722-4833-a5f9-ff4aba3fb093',	'Heather',	'Fisher',	'1946-01-28',	'Hydrographic surveyor'),
(18,	'5e776aa2-c1d9-4375-afe6-74e335492873',	'Megan',	'Turner',	'1962-10-31',	'Magazine journalist'),
(19,	'0c272aeb-1173-42ee-a968-4d1bec065397',	'Steve',	'Miles',	'1960-09-02',	'Textile designer'),
(20,	'5caae8ae-3090-4d61-84e3-a03a7f2c8a38',	'Andrew',	'Todd',	'1954-01-17',	'Designer, furniture'),
(21,	'8c8a4b83-97f0-4511-9684-2f5baa53e3b9',	'Lawrence',	'Mckay',	'1982-08-18',	'Chartered legal executive (England and Wales)'),
(22,	'd89a07e8-129e-486a-9d1f-9ae4c90785d9',	'Samantha',	'Vincent',	'1946-02-22',	'Psychiatric nurse'),
(23,	'673cfdf5-281b-4462-8a92-f236216d87c4',	'Danielle',	'Lewis',	'1996-02-06',	'Accommodation manager'),
(24,	'0e0248c4-de65-4496-9fa4-b6c165e98ccd',	'James',	'Ross',	'1970-08-30',	'Chartered management accountant'),
(25,	'd1cdd3aa-b768-46c1-b5d7-785a5b01777e',	'John',	'Marks',	'1979-06-20',	'Furniture designer'),
(26,	'17c04bab-5a19-4d85-b435-bb608380362e',	'James',	'Powell',	'1948-06-17',	'Research scientist (physical sciences)'),
(27,	'e78fb38c-eb5e-448d-a6c2-6c59f4d4016f',	'Robert',	'Olsen',	'1978-09-26',	'Comptroller'),
(28,	'822922bc-a5ee-4e13-9647-22699648f646',	'Donna',	'House',	'1985-05-06',	'Buyer, retail'),
(29,	'05fc39bc-1c61-4786-bbec-5cef9397afc9',	'Bradley',	'Johnson',	'1942-12-19',	'Journalist, broadcasting'),
(30,	'f578a4a2-727e-454f-b473-503c655ac738',	'Timothy',	'Whitaker',	'1974-06-19',	'Production designer, theatre/television/film'),
(31,	'907c2361-ee09-41e4-a73f-bb874363516e',	'Christina',	'Rodgers',	'1959-12-13',	'Community pharmacist'),
(32,	'e2cc48f1-9e39-4d40-baf0-58cf8a929ebc',	'Rebecca',	'Tucker',	'1975-08-17',	'Careers adviser'),
(33,	'30533e9c-dd6a-4b4a-8c2f-7b2d2bdc9903',	'Bryan',	'Church',	'1961-03-17',	'Contractor'),
(34,	'7c8eb763-1f20-4c77-b260-d96943fdc218',	'Darren',	'Kramer',	'1993-06-23',	'Energy manager'),
(35,	'3e995087-cb66-4a40-bff5-3904dae46fe0',	'Juan',	'Larson',	'1961-10-28',	'Paramedic'),
(36,	'd9d10af2-202f-4d64-b59c-af2c1228ae3d',	'Joe',	'Harris',	'1990-12-28',	'Graphic designer'),
(37,	'eef8e201-1b76-46f3-b63d-4329ce594a82',	'Deborah',	'Arnold',	'1997-11-19',	'Designer, television/film set'),
(38,	'd7a59f04-6cbb-46a2-bf60-6180d2d62a5f',	'Christopher',	'Pugh',	'1956-08-02',	'Psychologist, counselling'),
(39,	'468b1972-53d3-4e7b-a87b-970a70d312c3',	'Dawn',	'Allen',	'1997-11-13',	'Radiographer, therapeutic'),
(40,	'f3c9aea5-fecf-4f78-9924-dc15f0f5852e',	'Ashley',	'Rose',	'1992-11-03',	'Surveyor, hydrographic'),
(41,	'676bd2a8-90e5-466b-81ce-f16db74a8658',	'Jimmy',	'Stewart',	'1998-01-19',	'Nurse, learning disability'),
(42,	'7b24e0c1-15e1-41da-b6b3-eafad4b8d956',	'William',	'Jackson',	'1970-11-02',	'Housing manager/officer'),
(43,	'1055b49f-3f9c-4da3-98ac-fe33741d953f',	'Justin',	'Lara',	'1954-03-10',	'Orthoptist'),
(44,	'a5df07ff-4c96-48ca-926a-d4b1533e4e91',	'Nicole',	'Cochran',	'1969-10-04',	'Airline pilot'),
(45,	'2b5688fe-d906-449c-81cd-f9d4c7e6f8c4',	'Jared',	'Sanchez',	'1951-12-03',	'Tourist information centre manager'),
(46,	'0253019c-0503-4b29-b9bb-508e6ac43db8',	'Shelly',	'Oliver',	'1948-07-06',	'Customer service manager'),
(47,	'9f481ce4-f78f-4ab2-8d27-5b6751ba9ab6',	'Brian',	'Johnson',	'1993-07-16',	'Chartered certified accountant'),
(48,	'48b36169-9c03-4728-8a5b-c0bd31c0eaba',	'Donald',	'Bates',	'1960-07-07',	'Charity fundraiser'),
(49,	'5d0371d0-e57a-4cf8-91d5-b74dd2e32c0a',	'Carl',	'Wilson',	'1971-01-21',	'Print production planner'),
(50,	'025fb18c-f30e-4c85-b03e-cb5c267ae102',	'Kevin',	'Porter',	'1966-05-25',	'Astronomer'),
(51,	'97529796-dd02-4665-9bd8-c92cfad25314',	'Eric',	'Jackson',	'1970-01-09',	'Musician'),
(52,	'2a373658-29be-433d-82ff-969b3907b324',	'Jennifer',	'Cisneros',	'1991-09-17',	'Geologist, engineering'),
(53,	'4c445218-eac5-4a9a-868e-438790642ebd',	'Virginia',	'Robbins',	'2001-05-26',	'Engineer, drilling'),
(54,	'46a1ccdf-a0f0-4e5f-967f-2358438a6dfb',	'Angela',	'Herrera',	'1962-07-17',	'Restaurant manager, fast food'),
(55,	'5b3f72ae-16c4-4273-90c0-6763e3629ab9',	'Mark',	'Baird',	'1957-04-19',	'Amenity horticulturist'),
(56,	'baa48af7-819d-4602-8632-a834c4476be9',	'Holly',	'Solis',	'1987-03-22',	'Engineer, materials'),
(57,	'ecd577aa-7fb0-4260-8d78-035e19a5ff09',	'Daniel',	'Nguyen',	'1973-02-18',	'Librarian, academic'),
(58,	'd89508d9-eb8a-4d93-895b-b5b1a5e820a9',	'Jessica',	'Young',	'1944-12-08',	'Librarian, public'),
(59,	'b47fec19-b450-409c-a336-c1062adce721',	'Monica',	'Smith',	'1977-03-05',	'Clothing/textile technologist'),
(60,	'90407915-c087-4133-958f-7f94c6b88ace',	'Diane',	'Payne',	'1978-09-16',	'Engineer, maintenance (IT)'),
(61,	'1ca5f3f2-c078-4804-aab0-a665f6336300',	'Jason',	'Scott',	'1976-05-23',	'Mechanical engineer'),
(62,	'c2c05810-23e7-45b4-b204-265086459daa',	'Mary',	'Lewis',	'1967-09-15',	'Horticulturist, amenity'),
(63,	'8600636a-3d52-4252-9837-45a9f1d43913',	'Jeremy',	'Gay',	'1982-11-25',	'Personnel officer'),
(64,	'974eb8b4-afd7-4f7e-91cd-890e9aef0b8c',	'Ashley',	'Daniels',	'1997-05-08',	'Tree surgeon'),
(65,	'8ded2b03-4c4f-4c31-a158-01aa0ac71c42',	'Mike',	'Rodriguez',	'1977-03-09',	'Equality and diversity officer'),
(66,	'8d4db105-c259-40e3-ad36-bcdf58a99bd1',	'Alejandro',	'Watts',	'1973-12-10',	'International aid/development worker'),
(67,	'7794ba78-59b3-41c3-8dae-cf50ed565062',	'Jeremy',	'Bush',	'1963-02-03',	'Best boy'),
(68,	'69ee11b1-fbcb-4c1a-b6e6-3841f64c159a',	'Michael',	'Mendoza',	'1990-07-01',	'Designer, blown glass/stained glass'),
(69,	'304a3156-3256-473e-b68f-15b0c9fcab6f',	'Audrey',	'Martin',	'1951-11-02',	'Chartered management accountant'),
(70,	'70d56fe3-10eb-41e7-98ba-0b74f75ff51c',	'Amy',	'Wells',	'1975-09-10',	'Solicitor'),
(71,	'265d0a16-5dc6-400d-95cc-b6dbfc917fff',	'Teresa',	'Wood',	'1984-07-28',	'Biomedical scientist'),
(72,	'a051bf1b-0198-41c3-8d96-62e97f2af149',	'Kristin',	'Dawson',	'1969-12-05',	'Designer, fashion/clothing'),
(73,	'582fe5ee-6c8f-481b-b41e-41eb9be9747b',	'Scott',	'Green',	'1970-04-25',	'Solicitor, Scotland'),
(74,	'e9eee617-77be-4656-b39b-f7475c0e0384',	'Kimberly',	'Logan',	'1974-06-22',	'Haematologist'),
(75,	'ebe37707-4ffa-41ea-a4b0-2845dc65bd91',	'Connie',	'Williams',	'1991-10-08',	'Technical author'),
(76,	'8eebe5e6-76b8-4148-9064-167efdfa40dc',	'Andrew',	'Kennedy',	'1953-02-06',	'Operational investment banker'),
(77,	'63d6f7e4-cb81-471f-8c54-62b6f003b492',	'Donna',	'Taylor',	'1944-07-30',	'IT sales professional'),
(78,	'b427d1f9-11b9-439e-8f08-be094ebb23af',	'Whitney',	'Schroeder',	'1982-04-28',	'Food technologist'),
(79,	'e56858dd-4560-45a4-b2bc-382034ce0aaf',	'Lisa',	'Prince',	'1977-09-21',	'Agricultural engineer'),
(80,	'38f9184e-041b-4020-91e9-6a588fc55ae6',	'Heather',	'Garcia',	'1956-03-05',	'Land/geomatics surveyor'),
(81,	'fe3e15ee-37b8-460f-b1aa-df9ffb88ea8d',	'Heather',	'Rogers',	'1965-05-31',	'Trade mark attorney'),
(82,	'e99850b6-cf98-42f1-b36b-a3ecbfeb46b0',	'Renee',	'Schwartz',	'1986-02-19',	'Legal executive'),
(83,	'239a43a9-0aff-486a-875f-118230271f95',	'Jessica',	'Johnson',	'1975-10-12',	'Buyer, retail'),
(84,	'e1f18b73-af3a-47ea-818f-aabbeb98bacd',	'Daniel',	'Smith',	'2003-10-18',	'Therapist, sports'),
(85,	'c683a8b6-387c-4722-9b97-888308847964',	'Timothy',	'Jensen',	'1960-12-05',	'Clinical research associate'),
(86,	'd094bf50-0a70-4b8d-87f3-ee0658336f4e',	'Janet',	'Ellis',	'1981-01-04',	'Museum education officer'),
(87,	'8dad5ac6-8a5c-440a-b778-732ccef82fea',	'Keith',	'Brady',	'1956-06-09',	'Nurse, mental health'),
(88,	'd16e6dcc-a433-4d49-9b55-ffae5d2f4d6d',	'Christopher',	'Wilson',	'1990-08-29',	'Textile designer'),
(89,	'b833fb37-e1bb-478e-a39c-abf3470f8ad0',	'Billy',	'Miller',	'1961-03-09',	'Data scientist'),
(90,	'a50fc83a-e8d2-4287-9627-b13bd6eb19a4',	'Joseph',	'Roberts',	'1983-09-12',	'Health service manager'),
(91,	'f0a7d0b0-0f41-4bb0-af2b-b52166582f32',	'Matthew',	'Williams',	'1986-04-17',	'Radio producer'),
(92,	'ac19a789-130c-447a-b5cd-13804a3b1933',	'Amy',	'Cline',	'1953-08-08',	'Glass blower/designer'),
(93,	'e29458bf-bb45-470b-96b1-d7fb1afdc7bd',	'Brooke',	'Johnson',	'2003-10-06',	'Waste management officer'),
(94,	'10381243-cee4-4abd-8d2b-53c93a0bc79c',	'Connor',	'Jackson',	'1989-01-29',	'Professor Emeritus'),
(95,	'5bd23696-72b6-434c-a7c0-3aca5eb3a502',	'James',	'Sandoval',	'1964-12-11',	'Speech and language therapist'),
(96,	'dd0f6843-4ed7-4efc-b63e-237cac2cd305',	'Stephen',	'Floyd',	'1947-02-28',	'Research scientist (life sciences)'),
(97,	'1b19ddd3-2000-4cc3-88e3-f83b9cebfb1e',	'Jason',	'Ramirez',	'1975-11-19',	'Producer, television/film/video'),
(98,	'992cafe4-936d-4824-93fe-27b4a40df33c',	'Edward',	'Ellis',	'2003-04-02',	'Legal executive'),
(99,	'80561239-f214-4bb7-b39d-f8e997bf499b',	'Gary',	'Johnson',	'1996-03-29',	'Biomedical engineer');
